name,datetime,tempmax,tempmin,temp,feelslikemax,feelslikemin,feelslike,dew,humidity,precip,precipprob,precipcover,preciptype,snow,snowdepth,windgust,windspeed,winddir,sealevelpressure,cloudcover,visibility,solarradiation,solarenergy,uvindex,severerisk,sunrise,sunset,moonphase,conditions,description,icon,stations
karnataka,2025-01-01,27.9,17.8,22.5,28.1,17.8,22.5,16.5,71.7,0,0,0,,0,0,37.4,20.6,67.8,1018.3,26.3,5.3,244,21.2,9,10,2025-01-01T06:41:59,2025-01-01T18:04:38,0.05,Partially cloudy,Partly cloudy throughout the day.,partly-cloudy-day,"VOBG,42705699999,VOBL,43302599999,43295099999"
karnataka,2025-01-02,27.1,17.2,21.8,27.2,17.2,21.8,15.6,70.2,0,0,0,,0,0,37.8,18.1,77,1017.9,25.4,5,240.9,20.9,8,10,2025-01-02T06:42:22,2025-01-02T18:05:12,0.08,Partially cloudy,Partly cloudy throughout the day.,partly-cloudy-day,"VOBG,42705699999,VOBL,43302599999,43295099999"
karnataka,2025-01-03,27.9,17.8,21.6,27.7,17.8,21.6,15.5,71.3,0,0,0,,0,0,36.7,22.1,69.8,1018.1,36.4,5.2,246.1,21.3,9,10,2025-01-03T06:42:43,2025-01-03T18:05:46,0.12,Partially cloudy,Partly cloudy throughout the day.,partly-cloudy-day,"VOBG,42705699999,VOBL,43302599999,43295099999"
karnataka,2025-01-04,26.6,14.9,20.2,26.6,14.9,20.2,14.5,72.3,0,0,0,,0,0,31.7,14.9,94.1,1017.3,34.2,4.8,248.9,21.5,9,10,2025-01-04T06:43:04,2025-01-04T18:06:20,0.15,Partially cloudy,Partly cloudy throughout the day.,partly-cloudy-day,"VOBG,42705699999,VOBL,43302599999,43295099999"
karnataka,2025-01-05,28.9,15.9,21.1,28.4,15.9,21.1,15,71.7,0,0,0,,0,0,24.1,16.3,87.9,1017.3,28.9,4.7,245.5,21.3,9,10,2025-01-05T06:43:24,2025-01-05T18:06:54,0.19,Partially cloudy,Clearing in the afternoon.,partly-cloudy-day,"VOBG,42705699999,VOBL,43302599999,43295099999"
karnataka,2025-01-06,27.9,16.7,21.3,27.5,16.7,21.2,14.9,70.1,0,0,0,,0,0,20.5,11.1,109.7,1016.8,31.8,5.1,237.2,20.6,9,10,2025-01-06T06:43:43,2025-01-06T18:07:28,0.23,Partially cloudy,Partly cloudy throughout the day.,partly-cloudy-day,"VOBG,42705699999,VOBL,43302599999,43295099999"
karnataka,2025-01-07,27.9,16.7,21.5,28.2,16.7,21.5,15.3,70.7,0,0,0,,0,0,23.4,9.4,78.8,1016.9,32.5,5.2,248.2,21.4,9,10,2025-01-07T06:44:01,2025-01-07T18:08:02,0.25,Partially cloudy,Partly cloudy throughout the day.,partly-cloudy-day,"43272099999,VOBG,42705699999,VOBL,43302599999,43295099999"
karnataka,2025-01-08,28,16.8,21.7,27.2,16.8,21.5,13.3,64.6,0,0,0,,0,0,28.4,20.3,73.1,1016.6,20.1,5.6,251.5,21.9,9,10,2025-01-08T06:44:18,2025-01-08T18:08:36,0.3,Partially cloudy,Partly cloudy throughout the day.,partly-cloudy-day,"43272099999,VOBG,42705699999,VOBL,43302599999,43295099999"
karnataka,2025-01-09,25.3,14.9,19.8,25.3,14.9,19.8,15,75.8,0,0,0,,0,0,37.8,20.6,90.9,1017.6,43.4,4.3,247.5,21.3,9,10,2025-01-09T06:44:35,2025-01-09T18:09:10,0.33,Partially cloudy,Partly cloudy throughout the day.,partly-cloudy-day,"43272099999,VOBG,42705699999,VOBL,43302599999,43295099999"
karnataka,2025-01-10,25,17,20.6,25,17,20.6,16.6,79.3,0,0,0,,0,0,29.9,16.6,98.1,1018.8,48.7,4.1,199,17.4,8,10,2025-01-10T06:44:50,2025-01-10T18:09:44,0.37,Partially cloudy,Partly cloudy throughout the day.,partly-cloudy-day,"VOBG,42705699999,VOBL,43302599999,43295099999"
karnataka,2025-01-11,24,18,20.6,24,18,20.6,17.5,82.7,0,0,0,,0,0,28.1,16.6,94.5,1018.8,83.1,5.1,142.6,12.3,5,10,2025-01-11T06:45:04,2025-01-11T18:10:17,0.4,Partially cloudy,Partly cloudy throughout the day.,partly-cloudy-day,"VOBG,42705699999,VOBL,43302599999,43295099999"
karnataka,2025-01-12,28.9,16.9,22,29.3,16.9,22.1,16.8,74.8,0,0,0,,0,0,24.8,15.4,91.8,1018.3,47,4.9,216,18.7,8,10,2025-01-12T06:45:17,2025-01-12T18:10:51,0.44,Partially cloudy,Partly cloudy throughout the day.,partly-cloudy-day,"VOBG,42705699999,VOBL,43302599999,43295099999"
karnataka,2025-01-13,25.6,20,22,25.6,20,22,18.6,81.8,1.1,100,12.5,rain,0,0,31,18.4,82.5,1017.1,71.1,5.4,127.7,11.1,6,10,2025-01-13T06:45:29,2025-01-13T18:11:24,0.48,"Rain, Partially cloudy",Partly cloudy throughout the day with late afternoon rain.,rain,"VOBG,42705699999,VOBL,43302599999,43295099999"
karnataka,2025-01-14,26.8,19,21.8,28,19,21.8,18.1,80.8,1.4,100,25,rain,0,0,36.7,18.4,88.6,1018.3,72.3,5.8,155.6,13.5,6,10,2025-01-14T06:45:41,2025-01-14T18:11:57,0.5,"Rain, Partially cloudy",Partly cloudy throughout the day with rain.,rain,"VOBG,42705699999,VOBL,43302599999,43295099999"
karnataka,2025-01-15,24,16.9,20.7,24,16.9,20.7,16.5,78.2,99,100,4.17,rain,0,0,34.6,20.5,82.6,1019.1,61.8,6,174.6,15,6,10,2025-01-15T06:45:51,2025-01-15T18:12:30,0.54,"Rain, Partially cloudy",Partly cloudy throughout the day with afternoon rain.,rain,"VOBG,42705699999,VOBL,43302599999,43295099999"
karnataka,2025-01-16,26,16.9,21,26,16.9,21,15.7,74,0,0,0,,0,0,34.6,20.3,90.2,1018.8,48.1,5.8,248.8,21.4,9,10,2025-01-16T06:46:00,2025-01-16T18:13:03,0.57,Partially cloudy,Partly cloudy throughout the day.,partly-cloudy-day,"VOBG,42705699999,VOBL,43302599999,43295099999"
karnataka,2025-01-17,25,15.9,20.3,25,15.9,20.3,16,77.8,0,0,0,,0,0,35.6,22.3,83.8,1017.6,43.3,4.2,239,20.7,9,10,2025-01-17T06:46:08,2025-01-17T18:13:35,0.61,Partially cloudy,Partly cloudy throughout the day.,partly-cloudy-day,"VOBG,42705699999,VOBL,43302599999,43295099999"
karnataka,2025-01-18,26.9,16.9,21.3,27.6,16.9,21.3,15.6,71.8,0,0,0,rain,0,0,31.7,18.4,86.2,1016.8,46.7,5.1,239.8,20.8,9,10,2025-01-18T06:46:15,2025-01-18T18:14:07,0.64,Partially cloudy,Partly cloudy throughout the day.,partly-cloudy-day,"VOBG,42705699999,VOBL,43302599999,43295099999"
karnataka,2025-01-19,21.9,18,19.8,21.9,18,19.8,18.1,89.8,5,100,8.33,rain,0,0,32.4,11.3,53.2,1017.6,80.5,3.7,101,8.5,4,10,2025-01-19T06:46:21,2025-01-19T18:14:39,0.67,"Rain, Partially cloudy",Partly cloudy throughout the day with rain in the morning and afternoon.,rain,"VOBG,42705699999,VOBL,43302599999,43295099999"
karnataka,2025-01-20,28,17.9,22,28,17.9,22,15.4,70.3,0,0,0,,0,0,29.5,18.1,52.1,1016.7,40,5.4,253.3,22,9,10,2025-01-20T06:46:25,2025-01-20T18:15:10,0.7,Partially cloudy,Partly cloudy throughout the day.,partly-cloudy-day,"VOBG,42705699999,VOBL,43302599999,43295099999"
karnataka,2025-01-21,27.9,14.9,20.8,26.8,14.9,20.7,12.7,65,0,0,0,,0,0,31,22.1,62.6,1015.9,22.3,5.8,258.6,22.2,9,10,2025-01-21T06:46:29,2025-01-21T18:15:41,0.74,Partially cloudy,Partly cloudy throughout the day.,partly-cloudy-day,"VOBG,42705699999,VOBL,43302599999,43295099999"
karnataka,2025-01-22,28.2,13.9,21,28.7,13.9,21.1,14.7,68.9,0,0,0,,0,0,24.1,18.2,96.3,1015.8,22.7,6.1,256,22,9,10,2025-01-22T06:46:31,2025-01-22T18:16:11,0.75,Partially cloudy,Partly cloudy throughout the day.,partly-cloudy-day,"VOBG,42705699999,VOBL,43302599999,43295099999"
karnataka,2025-01-23,29,17.9,22.2,28.9,17.9,22.2,16.4,73,0,0,0,,0,0,27.4,14.9,103,1016,43.1,5.2,250.2,21.6,9,10,2025-01-23T06:46:33,2025-01-23T18:16:41,0.8,Partially cloudy,Partly cloudy throughout the day.,partly-cloudy-day,"VOBG,42705699999,VOBL,43302599999,43295099999"
karnataka,2025-01-24,28,16,21.3,27.5,16,21.3,14.6,69.3,0,0,0,,0,0,29.5,18.4,90,1015.5,30.9,6.4,261.4,22.5,9,10,2025-01-24T06:46:33,2025-01-24T18:17:10,0.83,Partially cloudy,Partly cloudy throughout the day.,partly-cloudy-day,"VOBG,42705699999,VOBL,43302599999,remote,43295099999"
karnataka,2025-01-25,29.1,14.9,21.1,28.2,14.9,20.9,13.4,66.4,0,0,0,,0,0,29.9,16.3,91,1016.4,37.7,5.5,266,23.1,9,10,2025-01-25T06:46:32,2025-01-25T18:17:39,0.86,Partially cloudy,Partly cloudy throughout the day.,partly-cloudy-day,"VOBG,42705699999,VOBL,43302599999,43295099999"
karnataka,2025-01-26,29.9,14,21.9,28.2,14,21.6,10,55.5,0,0,0,,0,0,36.4,18.5,87.4,1016.3,20.9,5.4,275.1,23.8,9,10,2025-01-26T06:46:30,2025-01-26T18:18:08,0.9,Partially cloudy,Partly cloudy throughout the day.,partly-cloudy-day,"VOBG,42705699999,VOBL,43302599999,43295099999"
karnataka,2025-01-27,29,14.9,21.6,28.1,14.9,21.4,13.2,64,0,0,0,,0,0,27.7,11.2,80.2,1015.6,15.9,6,270.7,23.3,9,10,2025-01-27T06:46:27,2025-01-27T18:18:36,0.93,Clear,Clear conditions throughout the day.,clear-day,"43272099999,VOBG,42705699999,VOBL,43302599999,43295099999"
karnataka,2025-01-28,29,14,21.4,28.3,14,21.2,12.9,63.6,0,0,0,,0,0,23.4,16.5,89.5,1015.9,28.4,5.9,270.9,23.5,9,10,2025-01-28T06:46:23,2025-01-28T18:19:03,0.96,Partially cloudy,Becoming cloudy in the afternoon.,partly-cloudy-day,"43272099999,VOBG,42705699999,VOBL,43302599999,43295099999"
karnataka,2025-01-29,30.3,15.9,22,29,15.9,21.8,14.1,66.1,0,0,0,,0,0,29.9,18,88.5,1016.9,27.1,5.3,265.6,23.1,9,10,2025-01-29T06:46:18,2025-01-29T18:19:30,0,Partially cloudy,Partly cloudy throughout the day.,partly-cloudy-day,"43272099999,VOBG,42705699999,VOBL,43302599999,43295099999"
karnataka,2025-01-30,28.9,17,22.1,29.3,17,22.2,16.7,73.5,0,0,0,,0,0,22.7,16.2,113.9,1016.5,38.5,4.9,254.1,22.1,9,10,2025-01-30T06:46:12,2025-01-30T18:19:57,0.03,Partially cloudy,Partly cloudy throughout the day.,partly-cloudy-day,"43272099999,VOBG,42705699999,VOBL,43302599999,43295099999"
karnataka,2025-01-31,30.6,19.7,24.1,31,19.7,24.2,17.8,70.7,0,0,0,,0,0,24.1,13,109.9,1015.8,36.6,5.8,264.1,22.8,9,10,2025-01-31T06:46:04,2025-01-31T18:20:23,0.06,Partially cloudy,Partly cloudy throughout the day.,partly-cloudy-day,"43272099999,VOBG,42705699999,VOBL,43302599999,43295099999"
karnataka,2025-02-01,30.3,19.9,24.4,30.1,19.9,24.3,16.8,66.7,0,0,0,,0,0,22.7,12.9,104.9,1016.2,36.7,6.4,251.1,21.7,9,10,2025-02-01T06:45:56,2025-02-01T18:20:48,0.1,Partially cloudy,Partly cloudy throughout the day.,partly-cloudy-day,"43272099999,VOBG,42705699999,VOBL,43302599999,43295099999"
karnataka,2025-02-02,31.8,17.9,23.8,30.4,17.9,23.5,13.3,58.6,0,0,0,,0,0,22.7,14.8,81.9,1016.6,14.6,6.3,271.5,23.5,9,10,2025-02-02T06:45:46,2025-02-02T18:21:12,0.13,Clear,Clear conditions throughout the day.,clear-day,"43272099999,VOBG,42705699999,VOBL,43302599999,43295099999"
karnataka,2025-02-03,31,14.9,23.2,29.5,14.9,22.8,11.8,55.4,0,0,0,,0,0,25.6,16.5,101.1,1016.9,12.7,6.1,276.7,23.9,10,10,2025-02-03T06:45:36,2025-02-03T18:21:37,0.17,Clear,Clear conditions throughout the day.,clear-day,"VOBG,42705699999,VOBL,43302599999,43295099999"
karnataka,2025-02-04,31,14.8,22.8,30.2,14.8,22.4,10.7,50.9,0,0,0,,0,0,28.4,16.6,94.4,1017.5,9.4,6.7,274.6,23.7,9,10,2025-02-04T06:45:24,2025-02-04T18:22:00,0.2,Clear,Clear conditions throughout the day.,clear-day,"43272099999,VOBG,42705699999,VOBL,43302599999,43295099999"
karnataka,2025-02-05,30.8,16,23.3,30,16,23,12.7,55.3,0,0,0,,0,0,35.6,22.1,105.3,1016.5,5.5,6.2,273.8,23.7,9,10,2025-02-05T06:45:11,2025-02-05T18:22:23,0.25,Clear,Clear conditions throughout the day.,clear-day,"43272099999,VOBG,42705699999,VOBL,43302599999,43295099999"
karnataka,2025-02-06,30.1,14,22.6,29.3,14,22.3,11.3,53.4,0,0,0,,0,0,36.4,24,102.5,1016.2,5.6,6.7,277.4,24,9,10,2025-02-06T06:44:58,2025-02-06T18:22:45,0.28,Clear,Clear conditions throughout the day.,clear-day,"43272099999,VOBG,42705699999,VOBL,43302599999,43295099999"
karnataka,2025-02-07,30.3,14.9,22.8,29.4,14.9,22.5,10.9,52.4,0,0,0,,0,0,36,20.7,93.3,1017.7,4.2,6.6,279,24.1,10,10,2025-02-07T06:44:43,2025-02-07T18:23:07,0.31,Clear,Clear conditions throughout the day.,clear-day,"43272099999,VOBG,42705699999,VOBL,43302599999,43295099999"
karnataka,2025-02-08,30,15.9,22.8,30.1,15.9,22.7,13.7,60,0,0,0,,0,0,37.4,20.6,94.5,1017.5,7,5.7,275.6,23.8,9,10,2025-02-08T06:44:27,2025-02-08T18:23:28,0.35,Clear,Clear conditions throughout the day.,clear-day,"43272099999,VOBG,42705699999,VOBL,43302599999,43295099999"
karnataka,2025-02-09,29.1,16.9,23.1,29.5,16.9,23,14.8,63.1,0,0,0,,0,0,38.5,18.5,92.1,1017,3.3,5.3,276.4,23.9,9,10,2025-02-09T06:44:10,2025-02-09T18:23:49,0.38,Clear,Clear conditions throughout the day.,clear-day,"43272099999,VOBG,42705699999,VOBL,43302599999,43295099999"
karnataka,2025-02-10,29,17,22.5,28.9,17,22.4,15.5,68.1,0,0,0,,0,0,30.2,20.4,89.2,1018.2,23.3,4.9,279.1,24,10,10,2025-02-10T06:43:53,2025-02-10T18:24:09,0.42,Partially cloudy,Clearing in the afternoon.,partly-cloudy-day,"43272099999,VOBG,42705699999,VOBL,43302599999,43295099999"
karnataka,2025-02-11,30.9,14.9,22.9,29,14.9,22.5,11,55.1,0,0,0,,0,0,25.9,14.8,87.6,1018.2,20.1,5.4,287.3,24.6,10,10,2025-02-11T06:43:34,2025-02-11T18:24:28,0.45,Partially cloudy,Clearing in the afternoon.,partly-cloudy-day,"43272099999,VOBG,42705699999,VOBL,43302599999,43295099999"
karnataka,2025-02-12,32,14.9,23.8,29.9,14.9,23.1,7.7,44.9,0,0,0,,0,0,31,18.2,84.3,1018,14.4,6.8,289.9,24.9,10,10,2025-02-12T06:43:14,2025-02-12T18:24:47,0.5,Clear,Clear conditions throughout the day.,clear-day,"43272099999,VOBG,42705699999,VOBL,43302599999,43295099999"
karnataka,2025-02-13,31.9,15,23.8,30.2,15,23.4,11.3,50.2,0,0,0,,0,0,31.7,22.1,81.8,1017.7,3.3,6.6,285.6,24.6,10,10,2025-02-13T06:42:54,2025-02-13T18:25:05,0.52,Clear,Clear conditions throughout the day.,clear-day,"43272099999,VOBG,42705699999,VOBL,43302599999,43295099999"
karnataka,2025-02-14,32.1,15.9,24.6,31,15.9,24.1,11.3,47.2,0,0,0,,0,0,24.5,16.3,87.5,1017.2,2.9,6.6,284.7,24.6,10,10,2025-02-14T06:42:32,2025-02-14T18:25:22,0.55,Clear,Clear conditions throughout the day.,clear-day,"43272099999,VOBG,42705699999,VOBL,43302599999,43295099999"
karnataka,2025-02-15,32,16,24.5,30.9,16,24.1,12.5,50.7,0,0,0,,0,0,27,13,90.2,1016.4,2.9,6.6,282.9,24.5,10,10,2025-02-15T06:42:10,2025-02-15T18:25:39,0.59,Clear,Clear conditions throughout the day.,clear-day,"43272099999,VOBG,42705699999,VOBL,43302599999,43295099999"
karnataka,2025-02-16,32,17.9,24.3,31,17.9,24,12.8,52.3,0,0,0,,0,0,26.3,16.8,89.3,1016.8,2.9,6.4,285.1,24.6,10,10,2025-02-16T06:41:47,2025-02-16T18:25:55,0.62,Clear,Clear conditions throughout the day.,clear-day,"VOBG,42705699999,VOBL,43302599999,43295099999"
karnataka,2025-02-17,31.3,16,24,30.4,16,23.6,13.9,58.7,0,0,0,,0,0,28.8,16.6,100.1,1018.1,3.6,6.1,287.6,24.7,10,10,2025-02-17T06:41:22,2025-02-17T18:26:11,0.65,Clear,Clear conditions throughout the day.,clear-day,"43272099999,VOBG,42705699999,VOBL,43302599999,43295099999"
karnataka,2025-02-18,31.8,16.9,24.3,30.6,16.9,23.9,13.4,55.9,0,0,0,,0,0,26.6,20.5,95.1,1018.1,2.9,5.9,287.7,24.7,10,10,2025-02-18T06:40:58,2025-02-18T18:26:26,0.68,Clear,Clear conditions throughout the day.,clear-day,"43272099999,VOBG,42705699999,VOBL,43302599999,43295099999"
karnataka,2025-02-19,33.1,17,25.2,31.6,17,24.6,12.8,52.2,0,0,0,,0,0,25.2,16.3,89.8,1016.5,3.8,6.5,286.8,24.7,10,10,2025-02-19T06:40:32,2025-02-19T18:26:41,0.72,Clear,Clear conditions throughout the day.,clear-day,"43272099999,VOBG,42705699999,VOBL,43302599999,43295099999"
karnataka,2025-02-20,32,19,25.1,31.6,19,24.8,14.1,54.4,0,0,0,,0,0,28.8,16.6,102.6,1017.1,3.3,6.3,284.4,24.7,10,10,2025-02-20T06:40:05,2025-02-20T18:26:55,0.75,Clear,Clear conditions throughout the day.,clear-day,"43272099999,VOBG,42705699999,VOBL,43302599999,43295099999"
karnataka,2025-02-21,32.3,17.9,24.8,31.8,17.9,24.5,14.4,56.4,0,0,0,,0,0,29.5,16.8,93.6,1018.3,6,6.7,285.4,24.6,10,10,2025-02-21T06:39:38,2025-02-21T18:27:09,0.78,Clear,Clear conditions throughout the day.,clear-day,"43272099999,VOBG,42705699999,VOBL,43302599999,43295099999"
karnataka,2025-02-22,32.1,17,24.9,31.2,17,24.5,14.7,58.7,0,0,0,,0,0,29.2,18.4,76.9,1019.1,17.8,6,282.6,24.5,10,10,2025-02-22T06:39:10,2025-02-22T18:27:22,0.81,Clear,Clear conditions throughout the day.,clear-day,"43272099999,VOBG,42705699999,VOBL,43302599999,43295099999"
karnataka,2025-02-23,32,18,25.3,30.2,18,24.8,12.9,52.5,0,0,0,,0,0,41,22.8,66.4,1019.1,18.6,6.5,278.5,24,10,10,2025-02-23T06:38:41,2025-02-23T18:27:34,0.85,Clear,Clear conditions throughout the day.,clear-day,"43272099999,VOBG,42705699999,VOBL,43302599999,43295099999"
karnataka,2025-02-24,31,17.9,24.6,29.9,17.9,24.1,12.3,52.1,0,0,0,,0,0,41.4,22.3,80,1019,5.5,6.6,296.2,25.7,10,10,2025-02-24T06:38:11,2025-02-24T18:27:46,0.88,Clear,Clear conditions throughout the day.,clear-day,"43272099999,VOBG,42705699999,VOBL,43302599999,43295099999"
karnataka,2025-02-25,31,15.9,23.8,30.2,15.9,23.6,14.4,59.7,0,0,0,,0,0,37.1,20.4,86.7,1020.1,12.4,6.5,294.2,25.5,10,10,2025-02-25T06:37:41,2025-02-25T18:27:57,0.91,Clear,Clear conditions throughout the day.,clear-day,"43272099999,VOBG,42705699999,VOBL,43302599999,43295099999"
karnataka,2025-02-26,31,17,24.3,30.4,17,24.1,13.8,54.4,0,0,0,,0,0,43.9,25.9,89.3,1020,9.9,7.3,288.4,24.9,10,10,2025-02-26T06:37:10,2025-02-26T18:28:08,0.94,Clear,Clear conditions throughout the day.,clear-day,"43272099999,VOBG,42705699999,VOBL,43302599999,43295099999"
karnataka,2025-02-27,31,16.9,24.1,29.6,16.9,23.7,13.2,55.1,0,0,0,,0,0,43.2,25.9,82.4,1018.5,7.6,6.5,301.7,26,10,10,2025-02-27T06:36:39,2025-02-27T18:28:19,0.98,Clear,Clear conditions throughout the day.,clear-day,"43272099999,VOBG,42705699999,VOBL,43302599999,43295099999"
karnataka,2025-02-28,31.3,17.9,24.1,30.6,17.9,23.8,14.1,57.6,0,0,0,,0,0,33.1,18.4,86.5,1017.5,14.2,7,297.9,25.7,10,10,2025-02-28T06:36:07,2025-02-28T18:28:29,0,Clear,Clear conditions throughout the day.,clear-day,"43272099999,VOBG,42705699999,VOBL,43302599999,43295099999"
karnataka,2025-03-01,30.1,18.9,24.5,30.7,18.9,24.7,17.8,68.5,0,0,0,,0,0,33.8,20.3,90.9,1017,27.1,6.2,237.8,20.6,8,10,2025-03-01T06:35:34,2025-03-01T18:28:39,0.04,Partially cloudy,Partly cloudy throughout the day.,partly-cloudy-day,"43272099999,VOBG,42705699999,VOBL,43302599999,43295099999"
karnataka,2025-03-02,32,20.9,25.5,31.9,20.9,25.5,17.3,63.8,0,0,0,,0,0,29.2,16.3,99.8,1015.4,37.3,6.7,273.8,23.6,10,10,2025-03-02T06:35:01,2025-03-02T18:28:48,0.08,Partially cloudy,Partly cloudy throughout the day.,partly-cloudy-day,"43272099999,VOBG,42705699999,VOBL,43302599999,43295099999"
karnataka,2025-03-03,32.9,19.9,26.6,31.1,19.9,26.2,14.6,54.2,0,0,0,,0,0,31.7,14.8,64.3,1016,33.8,6.5,279.4,24.2,10,10,2025-03-03T06:34:27,2025-03-03T18:28:56,0.11,Partially cloudy,Partly cloudy throughout the day.,partly-cloudy-day,"43272099999,VOBG,42705699999,VOBL,43302599999,43295099999"
karnataka,2025-03-04,32.9,20.9,26.5,31.2,20.9,25.9,13.2,48.9,0,0,0,,0,0,42.1,23.2,79.6,1016.1,20.3,6.8,282.9,24.5,10,10,2025-03-04T06:33:52,2025-03-04T18:29:05,0.15,Partially cloudy,Partly cloudy throughout the day.,partly-cloudy-day,"43272099999,VOBG,42705699999,VOBL,43302599999,43295099999"
karnataka,2025-03-05,33,18.9,26.3,31.7,18.9,25.7,12.6,46.6,0,0,0,,0,0,32,16.6,79.6,1016.1,16.5,6.7,296.8,25.7,10,10,2025-03-05T06:33:17,2025-03-05T18:29:13,0.18,Clear,Clear conditions throughout the day.,clear-day,"VOBG,42705699999,VOBL,43302599999,43295099999"
karnataka,2025-03-06,32.9,19,26.5,32.2,19,26.2,14.1,49.5,0,0,0,,0,0,23.8,11.1,54.4,1016.8,19.3,6.8,283.5,24.5,10,10,2025-03-06T06:32:42,2025-03-06T18:29:20,0.25,Clear,Clear conditions throughout the day.,clear-day,"43272099999,VOBG,42705699999,VOBL,43302599999,43295099999"
karnataka,2025-03-07,33.9,18.9,26.1,31.6,18.9,25.4,9.7,40.7,0,0,0,,0,0,21.6,11.2,68,1015.2,3.3,6.4,304.6,26.4,10,10,2025-03-07T06:32:06,2025-03-07T18:29:28,0.25,Clear,Clear conditions throughout the day.,clear-day,"43272099999,VOBG,42705699999,VOBL,43302599999,43295099999"
karnataka,2025-03-08,33,18,26,31.3,18,25.5,11.2,43.5,0,0,0,,0,0,22,16.3,85.7,1014.1,12.5,6.3,305.9,26.5,10,10,2025-03-08T06:31:30,2025-03-08T18:29:35,0.29,Clear,Clear conditions throughout the day.,clear-day,"43272099999,VOBG,42705699999,VOBL,43302599999,43295099999"
karnataka,2025-03-09,33.6,18.9,26,31.7,18.9,25.3,12.8,49.6,0,0,0,,0,0,34.2,22.6,91.5,1014.7,5.6,6.4,307.5,26.5,10,10,2025-03-09T06:30:53,2025-03-09T18:29:41,0.32,Clear,Clear conditions throughout the day.,clear-day,"43272099999,VOBG,42705699999,VOBL,43302599999,43295099999"
karnataka,2025-03-10,30.9,18,24.1,29.9,18,24,15.4,61.7,0,0,0,,0,0,38.2,22.5,85.3,1017.3,14.3,6.5,306.8,26.4,10,10,2025-03-10T06:30:16,2025-03-10T18:29:47,0.36,Clear,Clear conditions throughout the day.,clear-day,"43272099999,VOBG,42705699999,VOBL,43302599999,43295099999"
karnataka,2025-03-11,31.1,17.9,23.8,32.7,17.9,24,17.9,72.1,0.3,100,8.33,rain,0,0,42.5,24.1,91.3,1017.6,37,6.3,243.4,21.1,9,10,2025-03-11T06:29:39,2025-03-11T18:29:53,0.39,"Rain, Partially cloudy",Becoming cloudy in the afternoon with afternoon rain.,rain,"43272099999,VOBG,42705699999,VOBL,43302599999,43295099999"
karnataka,2025-03-12,31.7,20,25,34.2,20,25.5,19,71.6,2.9,100,16.67,rain,0,0,43.2,23.9,95.6,1016.3,42.4,6.9,220,18.9,8,10,2025-03-12T06:29:01,2025-03-12T18:29:59,0.43,"Rain, Partially cloudy",Partly cloudy throughout the day with afternoon rain.,rain,"VOBG,42705699999,VOBL,43302599999,43295099999"
karnataka,2025-03-13,33.9,19,26.4,31.9,19,25.9,15.2,59,0,0,0,,0,0,29.5,22.1,97.9,1015.7,21.2,6.9,294.2,25.5,10,10,2025-03-13T06:28:23,2025-03-13T18:30:05,0.46,Partially cloudy,Partly cloudy throughout the day.,partly-cloudy-day,"43272099999,VOBG,42705699999,VOBL,43302599999,43295099999"
karnataka,2025-03-14,35,18.9,27.2,33,18.9,26.5,13.8,52.3,0,0,0,,0,0,32.8,22.5,96,1015.7,8,6.8,309.9,26.6,10,10,2025-03-14T06:27:45,2025-03-14T18:30:10,0.5,Clear,Clear conditions throughout the day.,clear-day,"VOBG,42705699999,VOBL,43302599999,43295099999"
karnataka,2025-03-15,33.9,17,26.8,31.7,17,25.8,11,46.1,0,0,0,,0,0,32,22.1,89.4,1016.3,4.4,6.9,314.9,27.3,10,10,2025-03-15T06:27:06,2025-03-15T18:30:15,0.53,Clear,Clear conditions throughout the day.,clear-day,"VOBG,42705699999,VOBL,43302599999,43295099999"
karnataka,2025-03-16,33.1,18.8,26.3,33.3,18.8,26.3,16.4,58.2,0,0,0,,0,0,24.8,13.2,119.7,1016.6,11.7,7.1,308.5,26.9,10,10,2025-03-16T06:26:27,2025-03-16T18:30:20,0.57,Clear,Clear conditions throughout the day.,clear-day,"43272099999,VOBG,42705699999,VOBL,43302599999,43295099999"
karnataka,2025-03-17,34.9,21,27.5,36.8,21,28,18.4,61,0,0,0,,0,0,22,11.5,190.9,1016.1,28.6,6.4,288.3,25.1,10,10,2025-03-17T06:25:48,2025-03-17T18:30:24,0.6,Partially cloudy,Partly cloudy throughout the day.,partly-cloudy-day,"43272099999,VOBG,42705699999,VOBL,43302599999,43295099999"
karnataka,2025-03-18,34.3,22.9,27.9,34.5,22.9,28,17.4,56.6,0,0,0,,0,0,28.4,18.4,116.6,1015.9,18.5,6.8,299.2,25.8,10,10,2025-03-18T06:25:09,2025-03-18T18:30:29,0.63,Clear,Clear conditions throughout the day.,clear-day,"43272099999,VOBG,42705699999,VOBL,43302599999,43295099999"
karnataka,2025-03-19,33.3,22,26.7,33.6,22,26.8,17.9,61.9,0,0,0,,0,0,29.2,16.3,127.4,1017.6,23.5,6.7,285.2,24.6,10,10,2025-03-19T06:24:30,2025-03-19T18:30:33,0.66,Partially cloudy,Partly cloudy throughout the day.,partly-cloudy-day,"43272099999,VOBG,42705699999,VOBL,43302599999,43295099999"
karnataka,2025-03-20,33.6,21,26.5,32.8,21,26.3,16.4,58.1,0,0,0,,0,0,32,14.8,121.6,1018.9,21.2,6.7,303,26.3,10,10,2025-03-20T06:23:50,2025-03-20T18:30:37,0.7,Partially cloudy,Partly cloudy throughout the day.,partly-cloudy-day,"43272099999,VOBG,42705699999,VOBL,43302599999,43295099999"
karnataka,2025-03-21,31.9,20,26.4,34,20,26.6,17.8,62.2,0,0,0,,0,0,24.8,13.1,128,1018.9,30,6.7,295.4,25.4,10,10,2025-03-21T06:23:10,2025-03-21T18:30:41,0.73,Partially cloudy,Partly cloudy throughout the day.,partly-cloudy-day,"43272099999,VOBG,42705699999,VOBL,43302599999,43295099999"
karnataka,2025-03-22,32.6,20.4,24.6,34.6,20.4,25.2,19.6,75.3,12,100,12.5,rain,0,0,28.8,18.4,153.4,1018,48,5.8,248.5,21.4,8,10,2025-03-22T06:22:31,2025-03-22T18:30:45,0.75,"Rain, Partially cloudy",Partly cloudy throughout the day with rain.,rain,"43272099999,VOBG,42705699999,VOBL,43302599999,43295099999"
karnataka,2025-03-23,30.9,20.1,25.1,33,20.1,25.8,19.6,73.1,4.2,100,33.33,rain,0,0,25.9,18.1,104,1017.9,62.5,5.4,223.5,19.3,8,10,2025-03-23T06:21:51,2025-03-23T18:30:49,0.8,"Rain, Partially cloudy",Partly cloudy throughout the day with rain.,rain,"43272099999,VOBG,42705699999,VOBL,43302599999,43295099999"
karnataka,2025-03-24,31.9,22,26.5,31.9,22,26.7,18.4,64.1,0.1,100,4.17,rain,0,0,27.7,22.3,94.9,1017.3,53.7,6.4,267.1,23,9,10,2025-03-24T06:21:11,2025-03-24T18:30:53,0.83,"Rain, Partially cloudy",Partly cloudy throughout the day with afternoon rain.,rain,"43272099999,VOBG,42705699999,VOBL,43302599999,43295099999"
karnataka,2025-03-25,32.9,21,26.7,32.1,21,26.6,17.2,60.3,0,0,0,,0,0,23.8,18.4,106.4,1015,36.5,6.1,275,23.7,9,10,2025-03-25T06:20:31,2025-03-25T18:30:56,0.86,Partially cloudy,Partly cloudy throughout the day.,partly-cloudy-day,"43272099999,VOBG,42705699999,VOBL,43302599999,43295099999"
karnataka,2025-03-26,33,21,27.1,31.9,21,26.9,15.8,53.5,0,0,0,,0,0,21.2,14.8,100.6,1013.9,32.1,6.7,274.3,23.6,9,10,2025-03-26T06:19:51,2025-03-26T18:31:00,0.89,Partially cloudy,Partly cloudy throughout the day.,partly-cloudy-day,"43272099999,VOBG,42705699999,VOBL,43302599999,43295099999"
karnataka,2025-03-27,33.8,20.9,27.3,33.1,20.9,27.3,16.4,54.1,0,0,0,,0,0,22.7,14.8,194,1013.9,28.6,6.7,264.4,22.8,9,10,2025-03-27T06:19:11,2025-03-27T18:31:04,0.93,Partially cloudy,Partly cloudy throughout the day.,partly-cloudy-day,"43272099999,VOBG,42705699999,VOBL,43302599999,43295099999"
karnataka,2025-03-28,33.1,21.9,27.9,34.6,21.9,27.9,16.4,52.6,0,0,0,,0,0,23,16.4,106.7,1013.4,31.5,6.5,260,22.6,8,10,2025-03-28T06:18:32,2025-03-28T18:31:07,0.96,Partially cloudy,Partly cloudy throughout the day.,partly-cloudy-day,"43272099999,VOBG,42705699999,VOBL,43302599999,43295099999"
karnataka,2025-03-29,34,20.9,28,32.5,20.9,27.3,12.5,42,0,0,0,,0,0,25.6,18.4,102.4,1013.4,5,6.3,315.6,27.3,10,10,2025-03-29T06:17:52,2025-03-29T18:31:11,0,Clear,Clear conditions throughout the day.,clear-day,"43272099999,VOBG,42705699999,VOBL,43302599999,43295099999"
karnataka,2025-03-30,34,19.9,27.3,32.1,19.9,26.5,9.2,34.7,0,0,0,,0,0,29.2,14.9,115.6,1014.4,5.5,6.7,318.1,27.4,10,10,2025-03-30T06:17:12,2025-03-30T18:31:15,0.03,Clear,Clear conditions throughout the day.,clear-day,"43272099999,VOBG,42705699999,VOBL,43302599999,43295099999"
karnataka,2025-03-31,33,19,27,31.6,19,26.4,11.7,41,0,0,0,,0,0,34.2,20.3,91.9,1014.2,20.4,6.8,283,24.5,10,10,2025-03-31T06:16:33,2025-03-31T18:31:18,0.06,Partially cloudy,Partly cloudy throughout the day.,partly-cloudy-day,"43272099999,VOBG,42705699999,VOBL,43302599999,43295099999"
karnataka,2025-04-01,31.8,19.9,25.7,32.2,19.9,25.7,16.7,60.7,0,0,0,,0,0,29.9,20.4,108.2,1013.5,37.4,6,281.1,24.3,10,10,2025-04-01T06:15:53,2025-04-01T18:31:22,0.1,Partially cloudy,Partly cloudy throughout the day.,partly-cloudy-day,"43272099999,VOBG,42705699999,VOBL,43302599999,43295099999"
karnataka,2025-04-02,31.8,20.9,26.1,32.9,20.9,26.4,18.2,64.4,0,0,0,,0,0,29.9,16.5,127.9,1014.4,38.5,5.9,249.7,21.6,9,10,2025-04-02T06:15:14,2025-04-02T18:31:26,0.13,Partially cloudy,Partly cloudy throughout the day.,partly-cloudy-day,"43272099999,VOBG,42705699999,VOBL,43302599999,43295099999"
karnataka,2025-04-03,28,19.3,23.7,30.9,19.3,23.9,20.2,81.3,4,100,4.17,rain,0,0,26.3,23.5,137.4,1016.7,62.3,5.5,222,19.3,9,10,2025-04-03T06:14:35,2025-04-03T18:31:30,0.17,"Rain, Partially cloudy",Partly cloudy throughout the day with afternoon rain.,rain,"VOBG,42705699999,VOBL,43302599999,43295099999"
karnataka,2025-04-04,32,21.9,25.7,32.9,21.9,26,19.6,71.1,2.4,100,20.83,rain,0,0,27.7,22.1,56.3,1016.7,62.2,6.4,224.5,19.5,10,10,2025-04-04T06:13:56,2025-04-04T18:31:34,0.2,"Rain, Partially cloudy",Partly cloudy throughout the day with rain.,rain,"43272099999,VOBG,42705699999,VOBL,43302599999,43295099999"
karnataka,2025-04-05,32.4,21,26.7,32.8,21,27.1,18.6,64.1,2.2,100,25,rain,0,0,26.3,17.9,113,1015.6,48.9,6.8,227.4,19.7,9,10,2025-04-05T06:13:17,2025-04-05T18:31:38,0.25,"Rain, Partially cloudy",Partly cloudy throughout the day with rain.,rain,"43272099999,VOBG,42705699999,VOBL,43302599999,43295099999"
karnataka,2025-04-06,32.9,22.7,27.3,34.2,22.7,27.7,18.7,62.2,0.2,100,8.33,rain,0,0,27.4,18.5,73.6,1014.5,54.5,6.6,210.3,18.1,9,10,2025-04-06T06:12:39,2025-04-06T18:31:43,0.27,"Rain, Partially cloudy",Partly cloudy throughout the day with rain clearing later.,rain,"43272099999,VOBG,42705699999,VOBL,43302599999,43295099999"
karnataka,2025-04-07,34,22,27.7,33.1,22,27.5,17.4,59.1,0.1,100,4.17,rain,0,0,31,25.8,93.7,1014.9,32.7,6.2,299.4,25.7,10,10,2025-04-07T06:12:01,2025-04-07T18:31:47,0.3,"Rain, Partially cloudy",Partly cloudy throughout the day with late afternoon rain.,rain,"43272099999,VOBG,42705699999,VOBL,43302599999,43295099999"
karnataka,2025-04-08,34,21.9,27.8,33.1,21.9,27.7,17.2,57.2,0,0,0,,0,0,29.5,20.4,89.6,1015.6,27.1,6.7,281.8,24.3,10,10,2025-04-08T06:11:23,2025-04-08T18:31:52,0.34,Partially cloudy,Partly cloudy throughout the day.,partly-cloudy-day,"43272099999,VOBG,42705699999,VOBL,43302599999,43295099999"
karnataka,2025-04-09,33.9,21,27.4,32.6,21,27.2,16.3,54.6,0,0,0,,0,0,27,18,77.8,1015,31.2,6.8,267.4,23.1,10,10,2025-04-09T06:10:46,2025-04-09T18:31:56,0.37,Partially cloudy,Partly cloudy throughout the day.,partly-cloudy-day,"43272099999,VOBG,42705699999,VOBL,43302599999,43295099999"
karnataka,2025-04-10,32.3,22,27.2,34.4,22,28,19.4,63.9,0.1,100,4.17,rain,0,0,28.4,24.1,245.9,1013.1,44.4,6.7,270.2,23.3,10,10,2025-04-10T06:10:09,2025-04-10T18:32:01,0.41,"Rain, Partially cloudy",Partly cloudy throughout the day with late afternoon rain.,rain,"VOBG,42705699999,VOBL,43302599999,43295099999"
karnataka,2025-04-11,31.9,22.1,26.4,34.9,22.1,27,18.6,63.8,1,100,4.17,rain,0,0,31.3,24,253.9,1013,44.9,6.3,271.8,23.3,9,10,2025-04-11T06:09:32,2025-04-11T18:32:06,0.44,"Rain, Partially cloudy",Partly cloudy throughout the day with late afternoon rain.,rain,"43272099999,VOBG,42705699999,VOBL,43302599999,43295099999"
karnataka,2025-04-12,32.9,20,25.6,34,20,26.1,18.6,67.7,4,100,4.17,rain,0,0,27.4,21.7,251.2,1014,46,6.6,273.5,23.8,10,10,2025-04-12T06:08:55,2025-04-12T18:32:12,0.47,"Rain, Partially cloudy",Partly cloudy throughout the day with late afternoon rain.,rain,"43272099999,VOBG,42705699999,VOBL,43302599999,43295099999"
karnataka,2025-04-13,33,21,26,33.1,21,25.9,16.6,59.6,0.3,100,8.33,rain,0,0,29.5,25.1,90.6,1014.7,61.3,6.7,197.3,17.1,10,10,2025-04-13T06:08:19,2025-04-13T18:32:17,0.5,"Rain, Partially cloudy",Partly cloudy throughout the day with rain.,rain,"43272099999,VOBG,42705699999,VOBL,43302599999,43295099999"
karnataka,2025-04-14,32.6,20.1,25.7,33.3,20.1,26,18.2,65.6,6,100,8.33,rain,0,0,27.4,13,103.7,1014.5,45.5,6.2,287.5,24.7,10,10,2025-04-14T06:07:44,2025-04-14T18:32:23,0.54,"Rain, Partially cloudy",Becoming cloudy in the afternoon with rain.,rain,"43272099999,VOBG,42705699999,VOBL,43302599999,43295099999"
karnataka,2025-04-15,33.9,22,27.1,33.5,22,27.3,17.1,57.3,0.8,100,4.17,rain,0,0,51.8,13.4,183.5,1016,50,6.5,268.7,23.3,10,10,2025-04-15T06:07:09,2025-04-15T18:32:29,0.58,"Rain, Partially cloudy",Partly cloudy throughout the day with late afternoon rain.,rain,"43272099999,VOBG,42705699999,VOBL,43302599999,43295099999"
karnataka,2025-04-16,32.9,20.7,24.9,34.4,20.7,25.4,19.6,74.5,12.2,100,8.33,rain,0,0,25.9,25.9,184.2,1014.8,54.7,6,277.8,24,9,10,2025-04-16T06:06:34,2025-04-16T18:32:36,0.61,"Rain, Partially cloudy",Partly cloudy throughout the day with rain.,rain,"43272099999,VOBG,42705699999,VOBL,43302599999,43295099999"
karnataka,2025-04-17,32.9,20.7,26.3,34.4,20.7,27.2,19.6,68.9,0.8,100,8.33,rain,0,0,25.2,12.7,221.5,1013.9,43.4,6.8,261.8,22.7,9,10,2025-04-17T06:06:00,2025-04-17T18:32:42,0.64,"Rain, Partially cloudy",Partly cloudy throughout the day with rain.,rain,"43272099999,VOBG,42705699999,VOBL,43302599999,43295099999"
karnataka,2025-04-18,31.8,23,26.3,35.4,23,27.3,21,73.6,0.6,100,4.17,rain,0,0,26.3,25.9,194.3,1015.1,67.1,6.3,265,23,10,10,2025-04-18T06:05:26,2025-04-18T18:32:49,0.68,"Rain, Partially cloudy",Partly cloudy throughout the day with late afternoon rain.,rain,"43272099999,VOBG,42705699999,VOBL,43302599999,43295099999"
karnataka,2025-04-19,32.8,22,26.5,34.8,22,27.5,20.2,69.9,0.1,100,4.17,rain,0,0,23,21.6,260.1,1014.8,52.6,6.4,256.5,22.1,9,10,2025-04-19T06:04:53,2025-04-19T18:32:56,0.71,"Rain, Partially cloudy",Partly cloudy throughout the day with afternoon rain.,rain,"VOBG,42705699999,VOBL,43302599999,43295099999"
karnataka,2025-04-20,33,22.9,26.1,35.5,22.9,27,21,75,1,100,4.17,rain,0,0,37.1,22,243.2,1013.8,45.9,6.5,273.1,23.5,10,10,2025-04-20T06:04:20,2025-04-20T18:33:04,0.75,"Rain, Partially cloudy",Becoming cloudy in the afternoon with afternoon rain.,rain,"43272099999,VOBG,42705699999,VOBL,43302599999,43295099999"
karnataka,2025-04-21,33,20.9,27.1,34.3,20.9,27.8,18.7,62.5,0,0,0,,0,0,26.3,15.1,98.6,1015.2,34.7,6.6,269,23.2,9,10,2025-04-21T06:03:48,2025-04-21T18:33:11,0.75,Partially cloudy,Partly cloudy throughout the day.,partly-cloudy-day,"43272099999,VOBG,42705699999,VOBL,43302599999,43295099999"
karnataka,2025-04-22,34,21,27.6,32.7,21,27.8,17.4,57.6,0,0,0,,0,0,25.2,18.5,113.3,1015.9,14.4,6.4,305.1,26.4,10,10,2025-04-22T06:03:16,2025-04-22T18:33:19,0.81,Clear,Clear conditions throughout the day.,clear-day,"43272099999,VOBG,42705699999,VOBL,43302599999,43295099999"
karnataka,2025-04-23,34.9,22.9,28.8,33.9,22.9,29.1,18,55.7,0,0,0,,0,0,20.5,18.2,136.4,1014.5,26.7,7.1,309.8,26.7,10,10,2025-04-23T06:02:45,2025-04-23T18:33:28,0.85,Partially cloudy,Partly cloudy throughout the day.,partly-cloudy-day,"43272099999,VOBG,42705699999,VOBL,43302599999,43295099999"
karnataka,2025-04-24,35.1,23,28.7,35.7,23,29.2,18.7,59.3,0,0,0,,0,0,21.6,18,188.2,1013.3,29.6,6.7,303.5,26.2,10,30,2025-04-24T06:02:15,2025-04-24T18:33:36,0.88,Partially cloudy,Partly cloudy throughout the day.,partly-cloudy-day,"43272099999,VOBG,42705699999,VOBL,43302599999,43295099999"
karnataka,2025-04-25,34,24,28.6,35.7,24,29.2,18.9,58.8,0,0,0,,0,0,23.4,12.5,172,1013.6,35.3,6.3,285.5,24.6,10,30,2025-04-25T06:01:45,2025-04-25T18:33:45,0.91,Partially cloudy,Partly cloudy throughout the day.,partly-cloudy-day,"VOBG,42705699999,VOBL,43302599999,43295099999"
karnataka,2025-04-26,32.9,23.9,28.1,34.5,23.9,29.1,19.5,61.2,0,0,0,,0,0,29.5,14.6,135.3,1013.4,38.1,6.7,291.5,25.1,10,30,2025-04-26T06:01:16,2025-04-26T18:33:54,0.95,Partially cloudy,Partly cloudy throughout the day.,partly-cloudy-day,"VOBG,42705699999,VOBL,43302599999,43295099999"
karnataka,2025-04-27,33,22.9,28,34.1,22.9,28.7,19.1,61.4,0,0,0,,0,0,20.5,18.2,130.9,1014.1,45.5,6.8,277.7,24,9,30,2025-04-27T06:00:48,2025-04-27T18:34:04,0.98,Partially cloudy,Partly cloudy throughout the day.,partly-cloudy-day,"43272099999,VOBG,42705699999,VOBL,43302599999,43295099999"
karnataka,2025-04-28,33.3,22.9,27.6,36.2,22.9,28.6,19.5,63.6,0,0,0,rain,0,0,31,16.3,118,1013.3,49.6,6.7,259.8,22.5,9,10,2025-04-28T06:00:20,2025-04-28T18:34:14,0,Partially cloudy,Partly cloudy throughout the day.,partly-cloudy-day,"43272099999,VOBG,42705699999,VOBL,43302599999,43295099999"
karnataka,2025-04-29,33.9,23.9,28.4,35.6,23.9,29.3,19.3,60.5,0.1,100,4.17,rain,0,0,22.3,18.2,138,1012.8,43.8,6.6,244.4,21.2,9,10,2025-04-29T05:59:53,2025-04-29T18:34:24,0.05,"Rain, Partially cloudy",Partly cloudy throughout the day with afternoon rain.,rain,"43272099999,VOBG,42705699999,VOBL,43302599999,43295099999"
karnataka,2025-04-30,33.1,23,27.2,35.7,23,28,19.5,64.2,4,100,4.17,rain,0,0,23.4,14.6,213.5,1013.5,51.3,6.5,263.9,22.7,9,30,2025-04-30T05:59:27,2025-04-30T18:34:35,0.08,"Rain, Partially cloudy",Partly cloudy throughout the day with afternoon rain.,rain,"43272099999,VOBG,42705699999,VOBL,43302599999,43295099999"
karnataka,2025-05-01,33,21.1,26.4,34.5,21.1,26.9,18.9,65.9,21,100,8.33,rain,0,0,23.4,20.1,221.3,1014.5,51,7,277,23.9,10,10,2025-05-01T05:59:01,2025-05-01T18:34:46,0.12,"Rain, Partially cloudy",Partly cloudy throughout the day with rain.,rain,"43272099999,VOBG,42705699999,VOBL,43302599999,43295099999"
karnataka,2025-05-02,33,20.1,25.1,36.8,20.1,26.2,20.2,76.2,6,100,8.33,rain,0,0,25.9,22.6,240.9,1014.5,59.7,6.2,260,22.4,9,10,2025-05-02T05:58:36,2025-05-02T18:34:57,0.15,"Rain, Partially cloudy",Partly cloudy throughout the day with rain.,rain,"43272099999,VOBG,42705699999,VOBL,43302599999,43295099999"
karnataka,2025-05-03,32,20.4,26.2,33.3,20.4,27,19.1,66.7,7.3,100,20.83,rain,0,0,26.6,14.9,258.6,1014.2,39.8,6.8,265.8,22.9,10,10,2025-05-03T05:58:12,2025-05-03T18:35:09,0.18,"Rain, Partially cloudy",Partly cloudy throughout the day with rain.,rain,"43272099999,VOBG,42705699999,VOBL,43302599999,43295099999"
karnataka,2025-05-04,33,21.9,27.1,34.7,21.9,28,19.7,66.1,0.2,100,4.17,rain,0,0,31,18.2,267.4,1013.3,39.9,6.8,276.5,23.9,10,10,2025-05-04T05:57:48,2025-05-04T18:35:21,0.25,"Rain, Partially cloudy",Partly cloudy throughout the day with early morning rain.,rain,"43272099999,VOBG,42705699999,VOBL,43302599999,43295099999"
karnataka,2025-05-05,32.2,22,27.2,34,22,28.4,19.8,65.7,0,0,0,,0,0,22,14.4,203,1013.1,40.2,6.7,291.2,25.3,10,10,2025-05-05T05:57:26,2025-05-05T18:35:33,0.25,Partially cloudy,Partly cloudy throughout the day.,partly-cloudy-day,"43272099999,VOBG,42705699999,VOBL,43302599999,43295099999"
karnataka,2025-05-06,33.9,22,27.8,33.5,22,27.9,17.2,56.1,0,0,0,,0,0,26.3,22.1,268.3,1013.4,38,6.9,280.9,24.2,10,10,2025-05-06T05:57:04,2025-05-06T18:35:46,0.28,Partially cloudy,Partly cloudy throughout the day.,partly-cloudy-day,"VOBG,42705699999,VOBL,43302599999,43295099999"
karnataka,2025-05-07,32.9,23.9,27.6,33.3,23.9,28.1,19.1,62.1,0,0,0,rain,0,0,28.8,16.6,253,1013,49.7,6.6,280.8,24.4,9,10,2025-05-07T05:56:43,2025-05-07T18:35:59,0.32,Partially cloudy,Partly cloudy throughout the day.,partly-cloudy-day,"43272099999,VOBG,42705699999,VOBL,43302599999,43295099999"
karnataka,2025-05-08,32,22,27,32.7,22,27.4,18.5,61.6,0,0,0,,0,0,27,22.1,239.6,1013.2,46.6,7,260.8,22.5,10,10,2025-05-08T05:56:22,2025-05-08T18:36:12,0.35,Partially cloudy,Partly cloudy throughout the day.,partly-cloudy-day,"43272099999,VOBG,42705699999,VOBL,43302599999,43295099999"
karnataka,2025-05-09,32,22,27,32.8,22,27.3,17.7,58.1,0,0,0,,0,0,21.2,16.6,280.2,1013.9,41.1,6.9,278,24.2,10,10,2025-05-09T05:56:03,2025-05-09T18:36:26,0.38,Partially cloudy,Partly cloudy throughout the day.,partly-cloudy-day,"43272099999,VOBG,42705699999,VOBL,43302599999,43295099999"
karnataka,2025-05-10,32.1,22.9,26.8,33,22.9,27.2,18.8,63.2,0.1,100,4.17,rain,0,0,20.9,18.4,251,1014,55,6.7,260,22.7,8,10,2025-05-10T05:55:44,2025-05-10T18:36:40,0.42,"Rain, Partially cloudy",Partly cloudy throughout the day with late afternoon rain.,rain,"VOBG,42705699999,VOBL,43302599999,43295099999"
karnataka,2025-05-11,33,23,26.6,34.2,23,27.3,19.3,65.6,0.1,100,4.17,rain,0,0,20.9,18.4,264.3,1013.4,52.5,6.4,249.7,21.5,8,10,2025-05-11T05:55:26,2025-05-11T18:36:54,0.45,"Rain, Partially cloudy",Partly cloudy throughout the day with afternoon rain.,rain,"VOBG,42705699999,VOBL,43302599999,43295099999"
karnataka,2025-05-12,33,21,27.1,34.1,21,27.8,19.8,66.5,0.3,100,4.17,rain,0,0,28.1,20.4,249.1,1012.1,47.8,7.1,270.3,23.5,9,10,2025-05-12T05:55:09,2025-05-12T18:37:09,0.5,"Rain, Partially cloudy",Partly cloudy throughout the day with late afternoon rain.,rain,"VOBG,42705699999,VOBL,43302599999,43295099999"
karnataka,2025-05-13,31.6,21,24.4,33.5,21,24.9,20.5,81.1,40.7,100,12.5,rain,0,0,30.6,21.6,259.9,1012.1,61.7,6.1,244.4,21.3,9,10,2025-05-13T05:54:53,2025-05-13T18:37:24,0.52,"Rain, Partially cloudy",Partly cloudy throughout the day with rain.,rain,"43272099999,VOBG,42705699999,VOBL,43302599999,43295099999"
karnataka,2025-05-14,31.9,20.3,25.5,34.7,20.3,26.6,20.3,74.9,8.7,100,58.33,rain,0,0,31.7,27,275.3,1012.7,49.4,6.9,246.3,21.4,9,10,2025-05-14T05:54:37,2025-05-14T18:37:39,0.55,"Rain, Partially cloudy",Partly cloudy throughout the day with a chance of rain throughout the day.,rain,"43272099999,VOBG,42705699999,VOBL,43302599999,43295099999"
karnataka,2025-05-15,31,19,25.1,34.5,19,26.2,20.3,76.5,17,100,8.33,rain,0,0,21.2,20.6,276.3,1013.2,68.2,6.8,272.8,23.7,9,10,2025-05-15T05:54:23,2025-05-15T18:37:54,0.59,"Rain, Partially cloudy",Partly cloudy throughout the day with rain.,rain,"43272099999,VOBG,42705699999,VOBL,43302599999,43295099999"
karnataka,2025-05-16,30,21,25.1,32.5,21,26,20.8,77.7,1,100,4.17,rain,0,0,23.4,14.8,269.6,1012.7,60.3,6.7,268.7,23.2,10,30,2025-05-16T05:54:09,2025-05-16T18:38:10,0.62,"Rain, Partially cloudy",Partly cloudy throughout the day with afternoon rain.,rain,"43272099999,VOBG,42705699999,VOBL,43302599999,43295099999"
karnataka,2025-05-17,29.9,21,24.3,32.4,21,25.3,21.3,84.6,45,100,12.5,rain,0,0,32.4,18.2,270.5,1012.3,73.3,5.9,251.6,21.8,9,10,2025-05-17T05:53:57,2025-05-17T18:38:26,0.66,"Rain, Partially cloudy",Partly cloudy throughout the day with rain.,rain,"43272099999,VOBG,42705699999,VOBL,43302599999,remote,43295099999"
karnataka,2025-05-18,29.9,21,24.7,32.4,21,25.5,21.2,82.2,10,100,4.17,rain,0,0,35.3,15.1,283.5,1011.1,72.1,6.5,199.1,17.2,7,10,2025-05-18T05:53:45,2025-05-18T18:38:42,0.69,"Rain, Partially cloudy",Partly cloudy throughout the day with late afternoon rain.,rain,"VOBG,42705699999,VOBL,43302599999,43295099999"
karnataka,2025-05-19,28,21,23.3,30.1,21,23.5,21.2,88.1,118,100,12.5,rain,0,0,24.1,18.7,273.4,1009.9,90.5,5.5,113.5,9.9,4,30,2025-05-19T05:53:34,2025-05-19T18:38:59,0.73,"Rain, Overcast",Cloudy skies throughout the day with rain.,rain,"43272099999,VOBG,42705699999,VOBL,43302599999,43295099999"
karnataka,2025-05-20,26,21.1,23,26,21.1,23,21.1,89.3,26,100,12.5,rain,0,0,37.4,15.3,254.6,1009.7,85.1,6,166.2,14.3,7,10,2025-05-20T05:53:23,2025-05-20T18:39:16,0.75,"Rain, Partially cloudy",Partly cloudy throughout the day with rain in the morning and afternoon.,rain,"VOBG,42705699999,VOBL,43302599999,43295099999"
karnataka,2025-05-21,27,21,23.3,28.5,21,23.4,19.9,82,1.8,100,12.5,rain,0,0,49.7,22.6,252.1,1011.1,71.6,6.3,188.3,16.3,7,10,2025-05-21T05:53:14,2025-05-21T18:39:32,0.8,"Rain, Partially cloudy",Partly cloudy throughout the day with afternoon rain.,rain,"VOBG,42705699999,VOBL,43302599999,43295099999"
karnataka,2025-05-22,29,21,24.4,30.9,21,24.7,19.5,75.5,0.2,100,4.17,rain,0,0,41.8,24.2,246.1,1011.6,66.3,6.4,204.1,17.7,8,10,2025-05-22T05:53:05,2025-05-22T18:39:50,0.83,"Rain, Partially cloudy",Partly cloudy throughout the day with afternoon rain.,rain,"43272099999,VOBG,42705699999,VOBL,43302599999,43295099999"
karnataka,2025-05-23,28,21,24,30.1,21,24.3,20.5,81.6,1,100,4.17,rain,0,0,50,29.4,235,1009.7,54.3,6.5,222.5,19.3,8,10,2025-05-23T05:52:58,2025-05-23T18:40:07,0.87,"Rain, Partially cloudy",Partly cloudy throughout the day with afternoon rain.,rain,"43272099999,VOBG,42705699999,VOBL,43302599999,43295099999"
karnataka,2025-05-24,26,22,23.7,26,22,23.7,20.1,80.9,0.4,100,4.17,rain,0,0,64.4,33.5,231.4,1008.3,87.3,7.1,129.2,11.2,6,30,2025-05-24T05:52:51,2025-05-24T18:40:24,0.9,"Rain, Partially cloudy",Partly cloudy throughout the day with afternoon rain.,rain,"43272099999,42705699999,VOBL,43302599999,43295099999"
karnataka,2025-05-25,27,21,23.2,28.5,21,23.4,20.2,83.8,0.8,100,4.17,rain,0,0,61.2,44.6,237.9,1008.8,81.3,7.5,125.9,10.8,5,10,2025-05-25T05:52:45,2025-05-25T18:40:42,0.94,"Rain, Partially cloudy",Partly cloudy throughout the day with afternoon rain.,rain,"42705699999,VOBL,43302599999,remote,43295099999"
karnataka,2025-05-26,27,21,22.8,28.7,21,22.9,20.2,85.5,5,100,4.17,rain,0,0,70.2,33.3,245.3,1009.3,82.4,6,109.9,9.5,5,10,2025-05-26T05:52:40,2025-05-26T18:41:00,0.97,"Rain, Partially cloudy",Partly cloudy throughout the day with afternoon rain.,rain,"VOBG,42705699999,VOBL,43302599999,43295099999"
karnataka,2025-05-27,28,20,23.6,30.1,20,24,20.5,83.8,3.3,100,50,rain,0,0,66.2,31.7,253.3,1008.6,73.4,6.7,127.8,11,6,10,2025-05-27T05:52:36,2025-05-27T18:41:17,0,"Rain, Partially cloudy",Partly cloudy throughout the day with a chance of rain throughout the day.,rain,"43272099999,VOBG,42705699999,VOBL,43302599999,43295099999"
karnataka,2025-05-28,28,21,23.3,30,21,23.6,20.4,84,2,100,4.17,rain,0,0,62.6,35.4,257,1008.7,76.6,6.6,115.9,10.1,5,10,2025-05-28T05:52:32,2025-05-28T18:41:35,0.04,"Rain, Partially cloudy",Partly cloudy throughout the day with afternoon rain.,rain,"VOBG,42705699999,VOBL,43302599999,43295099999"
karnataka,2025-05-29,26,21,23.1,26,21,23.1,20.5,85.6,0.2,100,4.17,rain,0,0,50,33.1,245.5,1008.2,79.2,6.1,83.4,7.3,4,10,2025-05-29T05:52:30,2025-05-29T18:41:53,0.07,"Rain, Partially cloudy",Partly cloudy throughout the day with afternoon rain.,rain,"43272099999,VOBG,42705699999,VOBL,43302599999,43295099999"
karnataka,2025-05-30,26.9,21,23.2,29.4,21,23.3,21,87.5,3,100,4.17,rain,0,0,43.2,26,245.6,1009.4,83.7,5.8,53.4,4.7,2,10,2025-05-30T05:52:28,2025-05-30T18:42:11,0.1,"Rain, Partially cloudy",Partly cloudy throughout the day with late afternoon rain.,rain,"VOBG,42705699999,VOBL,43302599999,43295099999"
karnataka,2025-05-31,29,21,24.4,31.2,21,25,20.7,80.5,0,0,0,rain,0,0,49.3,26,251.5,1012.6,67.2,6.6,212.5,18.4,7,10,2025-05-31T05:52:27,2025-05-31T18:42:29,0.14,Partially cloudy,Partly cloudy throughout the day.,partly-cloudy-day,"43272099999,VOBG,42705699999,VOBL,43302599999,43295099999"
karnataka,2025-06-01,30,21,25,32.4,21,25.7,20.3,76.7,0,0,0,,0,0,42.8,26,254.1,1014.1,42.3,7.2,239.7,20.7,8,10,2025-06-01T05:52:27,2025-06-01T18:42:47,0.17,Partially cloudy,Partly cloudy throughout the day.,partly-cloudy-day,"43272099999,VOBG,42705699999,VOBL,43302599999,43295099999"
karnataka,2025-06-02,29.9,21,24.3,32.3,21,24.9,19.9,77.8,0.2,100,4.17,rain,0,0,45.4,29.5,245.6,1013.7,53.2,6.7,217.1,18.6,7,10,2025-06-02T05:52:28,2025-06-02T18:43:05,0.2,"Rain, Partially cloudy",Partly cloudy throughout the day with afternoon rain.,rain,"43272099999,VOBG,42705699999,VOBL,43302599999,43295099999"
karnataka,2025-06-03,28,21,24.1,30,21,24.5,20.4,80.7,3.8,100,16.67,rain,0,0,49,26.1,244.4,1013.5,50.6,6.7,188.4,16.1,8,10,2025-06-03T05:52:29,2025-06-03T18:43:23,0.25,"Rain, Partially cloudy",Partly cloudy throughout the day with rain in the morning and afternoon.,rain,"VOBG,42705699999,VOBL,43302599999,43295099999"
karnataka,2025-06-04,30.3,21,25.2,32,21,25.7,19.3,71.8,0.8,100,4.17,rain,0,0,35.6,22.3,264.5,1013.6,50.2,7,207.5,18,8,10,2025-06-04T05:52:32,2025-06-04T18:43:41,0.27,"Rain, Partially cloudy",Partly cloudy throughout the day with afternoon rain.,rain,"VOBG,42705699999,VOBL,43302599999,43295099999"
karnataka,2025-06-05,31,20,25.5,32.3,20,25.9,19.2,70.6,0,0,0,,0,0,33.5,22.3,273.9,1014.2,45,7.1,277.6,23.9,10,10,2025-06-05T05:52:35,2025-06-05T18:43:59,0.3,Partially cloudy,Partly cloudy throughout the day.,partly-cloudy-day,"VOBG,42705699999,VOBL,43302599999,43295099999"
karnataka,2025-06-06,30.9,22.9,26.5,32.3,22.9,27.1,19.3,65.8,0,0,0,,0,0,27,16.4,263.7,1014.7,44.1,6.9,265.5,23,9,10,2025-06-06T05:52:38,2025-06-06T18:44:17,0.33,Partially cloudy,Partly cloudy throughout the day.,partly-cloudy-day,"43272099999,VOBG,42705699999,VOBL,43302599999,43295099999"
karnataka,2025-06-07,31,22,26.2,33,22,27,19.7,68.8,0,0,0,rain,0,0,31.7,20.4,255.2,1014.7,43.7,7,291.1,25.2,10,10,2025-06-07T05:52:43,2025-06-07T18:44:34,0.37,Partially cloudy,Partly cloudy throughout the day.,partly-cloudy-day,"VOBG,42705699999,VOBL,43302599999,43295099999"
karnataka,2025-06-08,31,22,26.3,33.5,22,27.1,19.9,69.6,0.4,100,4.17,rain,0,0,35.6,18.4,266.2,1013.6,43.4,6.9,265.2,23,8,10,2025-06-08T05:52:48,2025-06-08T18:44:52,0.4,"Rain, Partially cloudy",Partly cloudy throughout the day with late afternoon rain.,rain,"VOBG,42705699999,VOBL,43302599999,43295099999"
karnataka,2025-06-09,29.6,22,24.4,31.6,22,24.7,20.9,81.8,3.6,100,8.33,rain,0,0,45.4,18.8,263.7,1012.6,68.9,6.4,216.9,18.7,9,10,2025-06-09T05:52:54,2025-06-09T18:45:09,0.43,"Rain, Partially cloudy",Partly cloudy throughout the day with rain.,rain,"43272099999,VOBG,42705699999,VOBL,43302599999,43295099999"
karnataka,2025-06-10,30.9,21.3,25.2,33.5,21.3,25.9,20.7,77.6,31,100,4.17,rain,0,0,33.1,26,271.3,1010,49.3,7.2,253.4,21.9,10,30,2025-06-10T05:53:01,2025-06-10T18:45:26,0.47,"Rain, Partially cloudy",Partly cloudy throughout the day with late afternoon rain.,rain,"43272099999,VOBG,42705699999,VOBL,43302599999,43295099999"
karnataka,2025-06-11,28.9,21,23.7,31.6,21,24.2,21,85.8,5,100,8.33,rain,0,0,33.1,22.3,263.6,1009,86.5,5.9,236.5,20.4,8,10,2025-06-11T05:53:08,2025-06-11T18:45:43,0.5,"Rain, Partially cloudy",Partly cloudy throughout the day with rain.,rain,"VOBG,42705699999,VOBL,43302599999,43295099999"
karnataka,2025-06-12,27.9,21,23.9,30.5,21,24.2,20.6,82.6,3.3,100,50,rain,0,0,35.3,24.4,243.9,1007.9,74,6.7,195.6,16.8,7,10,2025-06-12T05:53:16,2025-06-12T18:45:59,0.53,"Rain, Partially cloudy",Partly cloudy throughout the day with a chance of rain throughout the day.,rain,"VOBG,42705699999,VOBL,43302599999,43295099999"
karnataka,2025-06-13,26.9,21,23.6,28.7,21,23.8,20.8,84.8,0.1,100,4.17,rain,0,0,41,18.6,236.7,1008.7,76.3,7.2,214.1,18.6,8,30,2025-06-13T05:53:24,2025-06-13T18:46:16,0.57,"Rain, Partially cloudy",Partly cloudy throughout the day with afternoon rain.,rain,"VOBG,42705699999,VOBL,43302599999,remote,43295099999"
karnataka,2025-06-14,26.9,20,23,28.7,20,23.1,20.4,85.7,1,100,4.17,rain,0,0,53.6,31.3,235.3,1010,80.6,6.3,191.2,16.7,7,10,2025-06-14T05:53:33,2025-06-14T18:46:32,0.6,"Rain, Partially cloudy",Partly cloudy throughout the day with afternoon rain.,rain,"43272099999,VOBG,42705699999,VOBL,43302599999,43295099999"
karnataka,2025-06-15,27.9,20,22.6,30.5,20,22.8,19.8,84.3,0.1,100,4.17,rain,0,0,60.8,35.4,238.8,1009.3,74.7,6.1,58.9,5.2,4,10,2025-06-15T05:53:43,2025-06-15T18:46:47,0.64,"Rain, Partially cloudy",Partly cloudy throughout the day with late afternoon rain.,rain,"43272099999,VOBG,42705699999,VOBL,43302599999,43295099999"
karnataka,2025-06-16,27,20,22.9,28.4,20,23,19.4,81.2,9,100,66.67,rain,0,0,59,33.6,243.9,1010.4,80.8,6.8,42.3,3.6,2,10,2025-06-16T05:53:53,2025-06-16T18:47:02,0.68,"Rain, Partially cloudy",Partly cloudy throughout the day with a chance of rain throughout the day.,rain,"43272099999,VOBG,42705699999,VOBL,43302599999,43295099999"
karnataka,2025-06-17,26.1,21,23.1,26.1,21,23.1,20.4,85.1,1,100,8.33,rain,0,0,52.2,29.4,245.2,1012.5,68.7,6.5,220.1,18.9,7,10,2025-06-17T05:54:04,2025-06-17T18:47:17,0.71,"Rain, Partially cloudy",Partly cloudy throughout the day with rain.,rain,"43272099999,VOBG,42705699999,VOBL,43302599999,43295099999"
karnataka,2025-06-18,28,20.9,23.4,30.1,20.9,23.7,20.2,83,2,100,4.17,rain,0,0,50.4,24.1,241.2,1012.8,70.1,6.4,187.5,16.3,8,10,2025-06-18T05:54:16,2025-06-18T18:47:32,0.75,"Rain, Partially cloudy",Partly cloudy throughout the day with afternoon rain.,rain,"43272099999,VOBG,42705699999,VOBL,43302599999,43295099999"
karnataka,2025-06-19,28.1,20.9,24.2,30,20.9,24.6,19.8,77.3,0,0,0,,0,0,47.9,28,248.8,1012.7,52.8,6.8,226.5,19.4,8,10,2025-06-19T05:54:27,2025-06-19T18:47:46,0.75,Partially cloudy,Partly cloudy throughout the day.,partly-cloudy-day,"VOBG,42705699999,VOBL,43302599999,43295099999"
karnataka,2025-06-20,30,21,24.9,32.4,21,25.6,20.2,76.7,0.1,100,4.17,rain,0,0,42.1,27.8,248.3,1013.4,50,6.9,247.7,21.4,10,10,2025-06-20T05:54:40,2025-06-20T18:47:59,0.82,"Rain, Partially cloudy",Partly cloudy throughout the day with afternoon rain.,rain,"43272099999,VOBG,42705699999,VOBL,43302599999,43295099999"
karnataka,2025-06-21,29.9,21,24.7,32.3,21,25.1,20,76.5,0.1,100,4.17,rain,0,0,39.6,29.7,252.4,1013.5,55.4,6.7,256.5,22.1,9,10,2025-06-21T05:54:53,2025-06-21T18:48:12,0.85,"Rain, Partially cloudy",Partly cloudy throughout the day with late afternoon rain.,rain,"VOBG,42705699999,VOBL,43302599999,43295099999"
karnataka,2025-06-22,28,21,23.5,29.9,21,23.8,20.1,82.1,7,100,4.17,rain,0,0,43.9,27.6,248.8,1012.8,59.5,6.4,232.1,20,9,10,2025-06-22T05:55:06,2025-06-22T18:48:25,0.89,"Rain, Partially cloudy",Partly cloudy throughout the day with late afternoon rain.,rain,"43272099999,VOBG,42705699999,VOBL,43302599999,43295099999"
karnataka,2025-06-23,27.9,20,23.5,29.1,20,23.8,19.2,77.4,1.2,100,16.67,rain,0,0,49.7,33.6,246,1012.2,72.6,6.4,107.8,9.3,6,10,2025-06-23T05:55:19,2025-06-23T18:48:37,0.92,"Rain, Partially cloudy",Partly cloudy throughout the day with rain.,rain,"VOBG,42705699999,VOBL,43302599999,43295099999"
karnataka,2025-06-24,27.9,21,23.6,29.9,21,23.8,19.9,80.6,1.6,100,25,rain,0,0,59.4,33.6,245.1,1010.9,62,6.7,136.3,11.6,8,10,2025-06-24T05:55:33,2025-06-24T18:48:49,0.96,"Rain, Partially cloudy",Partly cloudy throughout the day with rain in the morning and afternoon.,rain,"43272099999,VOBG,42705699999,VOBL,43302599999,43295099999"
karnataka,2025-06-25,27.1,21,23.5,29.1,21,23.7,20.4,83.1,1.5,100,25,rain,0,0,52.6,29.7,243.3,1010.9,76.3,6.4,148.9,12.7,7,10,2025-06-25T05:55:48,2025-06-25T18:48:59,0,"Rain, Partially cloudy",Partly cloudy throughout the day with rain.,rain,"43272099999,VOBG,42705699999,VOBL,43302599999,43295099999"
karnataka,2025-06-26,27.9,21,23.9,30,21,24.3,20.4,81.6,6.3,100,33.33,rain,0,0,53.3,26.3,237.8,1011.1,84.9,6.4,190.2,16.5,7,10,2025-06-26T05:56:02,2025-06-26T18:49:10,0.03,"Rain, Partially cloudy",Partly cloudy throughout the day with rain.,rain,"43272099999,VOBG,42705699999,VOBL,43302599999,43295099999"
karnataka,2025-06-27,29.9,21,24,32.6,21,24.6,20.2,79.9,0.6,100,4.17,rain,0,0,47.9,28,240.6,1012.3,74,6.5,252.3,21.8,9,10,2025-06-27T05:56:17,2025-06-27T18:49:20,0.06,"Rain, Partially cloudy",Partly cloudy throughout the day with late afternoon rain.,rain,"43272099999,VOBG,42705699999,VOBL,43302599999,43295099999"
karnataka,2025-06-28,29,21,24.2,31.9,21,24.6,20.4,80.2,1.4,100,25,rain,0,0,46.1,22.6,243.3,1012.8,79.2,6.4,203.9,17.7,9,10,2025-06-28T05:56:33,2025-06-28T18:49:29,0.09,"Rain, Partially cloudy",Partly cloudy throughout the day with rain in the morning and afternoon.,rain,"43272099999,VOBG,42705699999,VOBL,43302599999,43295099999"
karnataka,2025-06-29,29.9,21,24.6,31.2,21,25,19.6,75,0,0,0,,0,0,49,31.7,251.6,1012.2,66.4,6.6,266.8,23.1,10,10,2025-06-29T05:56:48,2025-06-29T18:49:37,0.12,Partially cloudy,Partly cloudy throughout the day.,partly-cloudy-day,"43272099999,VOBG,42705699999,VOBL,43302599999,43295099999"
karnataka,2025-06-30,29,20,24.3,30.7,20,24.8,19.4,75.3,0,0,0,,0,0,44.6,35.2,255.1,1011.7,58.3,6.7,221.3,19,9,10,2025-06-30T05:57:04,2025-06-30T18:49:45,0.16,Partially cloudy,Partly cloudy throughout the day.,partly-cloudy-day,"43272099999,VOBG,42705699999,VOBL,43302599999,43295099999"
karnataka,2025-07-01,26.1,21,23.3,26.1,21,23.3,19.8,81,0.8,100,4.17,rain,0,0,42.5,27.6,252.5,1012.1,69.1,6,234.8,20.3,9,10,2025-07-01T05:57:20,2025-07-01T18:49:52,0.19,"Rain, Partially cloudy",Partly cloudy throughout the day with afternoon rain.,rain,"VOBG,42705699999,VOBL,43302599999,43295099999"
karnataka,2025-07-02,27.9,21,23.4,30,21,23.7,20.3,83.6,0.4,100,4.17,rain,0,0,50.4,26.2,248,1011.9,78.6,6.4,184.7,15.9,7,10,2025-07-02T05:57:36,2025-07-02T18:49:58,0.22,"Rain, Partially cloudy",Partly cloudy throughout the day with late afternoon rain.,rain,"VOBG,42705699999,VOBL,43302599999,43295099999"
karnataka,2025-07-03,27,20.7,23,28.7,20.7,23.1,20,83.7,4.5,100,45.83,rain,0,0,46.4,27.6,249,1012.6,81,6.1,174.3,15.1,6,10,2025-07-03T05:57:53,2025-07-03T18:50:04,0.25,"Rain, Partially cloudy",Partly cloudy throughout the day with a chance of rain throughout the day.,rain,"43272099999,VOBG,42705699999,VOBL,43302599999,43295099999"
karnataka,2025-07-04,28,21,23.9,29.6,21,24.3,19.8,78.5,0.4,100,16.67,rain,0,0,51.8,27.9,246.3,1013.4,67.5,6.4,197.2,16.8,8,10,2025-07-04T05:58:09,2025-07-04T18:50:09,0.29,"Rain, Partially cloudy",Partly cloudy throughout the day with rain.,rain,"VOBG,42705699999,VOBL,43302599999,43295099999"
karnataka,2025-07-05,27,19.9,23.2,28.8,19.9,23.3,20,82.6,0.6,100,25,rain,0,0,49.7,33.6,248.1,1013.2,74.2,6.7,209.1,18.2,9,10,2025-07-05T05:58:26,2025-07-05T18:50:13,0.32,"Rain, Partially cloudy",Partly cloudy throughout the day with rain.,rain,"43272099999,VOBG,42705699999,VOBL,43302599999,43295099999"
karnataka,2025-07-06,27,20,23.2,28.8,20,23.3,20.1,83.4,0.7,100,8.33,rain,0,0,54,289.9,247.2,1012.3,73.9,6.1,209,18,8,10,2025-07-06T05:58:42,2025-07-06T18:50:16,0.35,"Rain, Partially cloudy",Partly cloudy throughout the day with rain.,rain,"43272099999,VOBG,42705699999,VOBL,43302599999,43295099999"
karnataka,2025-07-07,28,20.7,23.7,29.6,20.7,24.1,19.7,78.8,0.8,100,25,rain,0,0,57.6,36.9,250.2,1012.2,64,6.5,150.5,13.2,6,10,2025-07-07T05:58:59,2025-07-07T18:50:19,0.38,"Rain, Partially cloudy",Partly cloudy throughout the day with rain in the morning and afternoon.,rain,"43272099999,VOBG,42705699999,VOBL,43302599999,43295099999"
karnataka,2025-07-08,29,20.9,24.3,31.3,20.9,24.8,19.8,77.1,1.8,100,33.33,rain,0,0,50,29.2,246.4,1012.7,65.7,6.6,246.5,21.2,10,10,2025-07-08T05:59:16,2025-07-08T18:50:21,0.42,"Rain, Partially cloudy",Partly cloudy throughout the day with rain.,rain,"43272099999,VOBG,42705699999,VOBL,43302599999,43295099999"
karnataka,2025-07-09,30,20,24.6,32.4,20,25.2,19.9,76.4,0.2,100,8.33,rain,0,0,47.9,27.8,251.7,1013,60,6.7,293.5,25.2,10,10,2025-07-09T05:59:33,2025-07-09T18:50:22,0.45,"Rain, Partially cloudy",Partly cloudy throughout the day with rain.,rain,"VOBG,42705699999,VOBL,43302599999,43295099999"
karnataka,2025-07-10,29.9,20,24,32.3,20,24.6,20.5,81.7,0.1,100,4.17,rain,0,0,38.2,24,254.5,1012.3,70.5,6.5,164.5,14.3,8,10,2025-07-10T05:59:49,2025-07-10T18:50:22,0.48,"Rain, Partially cloudy",Partly cloudy throughout the day with afternoon rain.,rain,"VOBG,42705699999,VOBL,43302599999,43295099999"
karnataka,2025-07-11,29.1,21,23.3,32,21,23.7,20.5,85.2,7,100,4.17,rain,0,0,31.3,29.5,253.9,1012.1,61.4,6.7,199.3,17.2,9,10,2025-07-11T06:00:06,2025-07-11T18:50:21,0.5,"Rain, Partially cloudy",Partly cloudy throughout the day with afternoon rain.,rain,"43272099999,VOBG,42705699999,VOBL,43302599999,43295099999"
karnataka,2025-07-12,28,21,23.4,29.9,21,23.6,20.3,83.4,1,100,4.17,rain,0,0,34.2,22.6,261.5,1012.7,70.5,6.3,187.3,16.2,7,10,2025-07-12T06:00:23,2025-07-12T18:50:19,0.55,"Rain, Partially cloudy",Partly cloudy throughout the day with afternoon rain.,rain,"43272099999,VOBG,42705699999,VOBL,43302599999,43295099999"
karnataka,2025-07-13,28,21,23.7,30,21,24.2,20.4,83.1,33,100,4.17,rain,0,0,36.7,22.3,251.6,1012.8,77.9,6.9,222.1,19.1,9,10,2025-07-13T06:00:40,2025-07-13T18:50:17,0.59,"Rain, Partially cloudy",Partly cloudy throughout the day with late afternoon rain.,rain,"43272099999,VOBG,42705699999,VOBL,43302599999,remote,43295099999"
karnataka,2025-07-14,29.1,20,23.6,30.4,20,23.8,19.9,80.7,0.1,100,4.17,rain,0,0,39.2,33.5,246.6,1012.7,63.4,6.9,240.4,20.9,9,10,2025-07-14T06:00:56,2025-07-14T18:50:14,0.62,"Rain, Partially cloudy",Partly cloudy throughout the day with afternoon rain.,rain,"VOBG,42705699999,VOBL,43302599999,43295099999"
karnataka,2025-07-15,28,20,23.6,29.6,20,23.9,19.8,80.1,2.3,100,37.5,rain,0,0,46.1,27.7,251.3,1011.7,66.7,7.6,219.5,18.8,7,10,2025-07-15T06:01:13,2025-07-15T18:50:09,0.66,"Rain, Partially cloudy",Partly cloudy throughout the day with a chance of rain throughout the day.,rain,"43272099999,VOBG,42705699999,VOBL,43302599999,remote,43295099999"
karnataka,2025-07-16,29.9,20.7,23.4,32.3,20.7,23.9,20.4,84.1,1,100,4.17,rain,0,0,32.8,22.1,251.9,1010.9,70,6.1,215.3,18.6,8,10,2025-07-16T06:01:29,2025-07-16T18:50:04,0.69,"Rain, Partially cloudy",Partly cloudy throughout the day with afternoon rain.,rain,"43272099999,VOBG,42705699999,VOBL,43302599999,43295099999"
karnataka,2025-07-17,28.9,20.7,23.6,31.8,20.7,24.1,20.7,84.6,9,100,12.5,rain,0,0,30.6,22.5,248.6,1011.2,81.4,5.8,170.4,14.7,8,10,2025-07-17T06:01:45,2025-07-17T18:49:58,0.73,"Rain, Partially cloudy",Partly cloudy throughout the day with rain.,rain,"43272099999,VOBG,42705699999,VOBL,43302599999,43295099999"
karnataka,2025-07-18,27.9,20,23,29.5,20,23.2,20,84.3,0.2,100,4.17,rain,0,0,27.7,27.7,260.7,1011.1,80.1,6.3,158.3,13.5,7,10,2025-07-18T06:02:01,2025-07-18T18:49:52,0.75,"Rain, Partially cloudy",Partly cloudy throughout the day with late afternoon rain.,rain,"43272099999,VOBG,42705699999,VOBL,43302599999,43295099999"
karnataka,2025-07-19,25.9,20,21.9,25.9,20,21.9,19.8,88.2,6,100,8.33,rain,0,0,40.7,29.5,265.2,1009.3,75.6,6.5,108.4,9.3,4,10,2025-07-19T06:02:17,2025-07-19T18:49:44,0.8,"Rain, Partially cloudy",Partly cloudy throughout the day with rain.,rain,"43272099999,VOBG,42705699999,VOBL,43302599999,43295099999"
karnataka,2025-07-20,27,19.9,22.3,28.8,19.9,22.4,20.1,88,6,100,4.17,rain,0,0,40.7,20.8,247.5,1009.2,84,6.1,112.8,9.6,7,10,2025-07-20T06:02:32,2025-07-20T18:49:35,0.84,"Rain, Partially cloudy",Partly cloudy throughout the day with afternoon rain.,rain,"43272099999,VOBG,42705699999,VOBL,43302599999,43295099999"
karnataka,2025-07-21,25.9,19.7,21.9,25.9,19.7,21.9,20,89.3,17,100,12.5,rain,0,0,43.6,24.5,249.6,1010.2,81.2,6.2,61.8,5.3,3,10,2025-07-21T06:02:48,2025-07-21T18:49:26,0.87,"Rain, Partially cloudy",Partly cloudy throughout the day with rain.,rain,"43272099999,VOBG,42705699999,VOBL,43302599999,43295099999"
karnataka,2025-07-22,26.9,19.9,22.2,28.7,19.9,22.2,19.7,86.6,0.2,100,4.17,rain,0,0,49,26,248.2,1010.9,83,6.4,98.9,8.5,6,10,2025-07-22T06:03:03,2025-07-22T18:49:15,0.91,"Rain, Partially cloudy",Partly cloudy throughout the day with afternoon rain.,rain,"43272099999,VOBG,42705699999,VOBL,43302599999,43295099999"
karnataka,2025-07-23,26,20,22.4,26,20,22.4,19.8,85.6,0.4,100,4.17,rain,0,0,53.6,29.7,250.1,1010,81.6,7.8,86.6,7.5,5,10,2025-07-23T06:03:18,2025-07-23T18:49:04,0.95,"Rain, Partially cloudy",Partly cloudy throughout the day with afternoon rain.,rain,"43272099999,VOBG,42705699999,VOBL,43302599999,remote,43295099999"
karnataka,2025-07-24,25,20,22,25,20,22,19.8,87.8,0.2,100,4.17,rain,0,0,52.6,28,251.2,1009.6,85.5,5.8,150.8,13.1,8,10,2025-07-24T06:03:32,2025-07-24T18:48:52,0.98,"Rain, Partially cloudy",Partly cloudy throughout the day with afternoon rain.,rain,"43272099999,VOBG,42705699999,VOBL,43302599999,43295099999"
karnataka,2025-07-25,25.2,20.2,22.3,25.2,20.2,22.3,19.8,86,0.1,100,4.17,rain,0,0,60.5,35.4,246.9,1009.7,85.7,5.8,124.3,10.8,5,10,2025-07-25T06:03:47,2025-07-25T18:48:39,0,"Rain, Partially cloudy",Partly cloudy throughout the day with afternoon rain.,rain,"43272099999,VOBG,42705699999,VOBL,43302599999,43295099999"
karnataka,2025-07-26,25.9,20,22,25.9,20,22,19.8,87.6,0.2,100,4.17,rain,0,0,60.1,34.9,247,1011.2,84.9,6.3,70.6,6.1,3,10,2025-07-26T06:04:01,2025-07-26T18:48:25,0.05,"Rain, Partially cloudy",Partly cloudy throughout the day with afternoon rain.,rain,"VOBG,42705699999,VOBL,43302599999,43295099999"
karnataka,2025-07-27,26,19.7,22.2,26,19.7,22.2,19.1,82.9,0.3,100,12.5,rain,0,0,57.2,31.9,250.4,1012.8,81.2,6.5,191.1,16.5,9,10,2025-07-27T06:04:15,2025-07-27T18:48:10,0.08,"Rain, Partially cloudy",Partly cloudy throughout the day with rain.,rain,"43272099999,VOBG,42705699999,VOBL,43302599999,43295099999"
karnataka,2025-07-28,27,19,22,28.7,19,22,19.3,85.2,0.5,100,8.33,rain,0,0,54,27.7,254.9,1012.9,71.5,6.1,161.5,13.9,5,10,2025-07-28T06:04:28,2025-07-28T18:47:54,0.11,"Rain, Partially cloudy",Partly cloudy throughout the day with rain.,rain,"VOBG,42705699999,VOBL,43302599999,43295099999"
karnataka,2025-07-29,26.9,19.9,22.1,28.3,19.9,22.2,19.6,86.2,0.4,100,4.17,rain,0,0,55.1,28,259.6,1014.8,79.2,5.7,167.9,14.5,6,10,2025-07-29T06:04:41,2025-07-29T18:47:37,0.14,"Rain, Partially cloudy",Partly cloudy throughout the day with afternoon rain.,rain,"VOBG,42705699999,VOBL,43302599999,43295099999"
karnataka,2025-07-30,28,19,23.3,30,19,23.6,19.8,81.7,0.5,100,20.83,rain,0,0,49.7,31.5,255.4,1012.9,66.9,6.7,200.6,17.2,9,10,2025-07-30T06:04:54,2025-07-30T18:47:20,0.18,"Rain, Partially cloudy",Partly cloudy throughout the day with rain in the morning and afternoon.,rain,"43272099999,VOBG,42705699999,VOBL,43302599999,43295099999"
karnataka,2025-07-31,26.9,20,23.2,29,20,23.4,20.4,84.4,1,100,4.17,rain,0,0,38.9,22.5,245.4,1013,78.5,6.4,166.9,14.3,6,10,2025-07-31T06:05:06,2025-07-31T18:47:01,0.21,"Rain, Partially cloudy",Partly cloudy throughout the day with late afternoon rain.,rain,"VOBG,42705699999,VOBL,43302599999,43295099999"
karnataka,2025-08-01,28.9,19.9,24.2,31.1,19.9,24.8,20.3,79.7,0.7,100,29.17,rain,0,0,28.8,18.5,271.8,1012.7,61.6,6.9,175.8,15.2,7,10,2025-08-01T06:05:18,2025-08-01T18:46:42,0.25,"Rain, Partially cloudy",Partly cloudy throughout the day with rain.,rain,"VOBG,42705699999,VOBL,43302599999,43295099999"
karnataka,2025-08-02,29.9,20.1,24.5,32.3,20.1,25,20.1,77.6,4.2,100,25,rain,0,0,34.2,22,273.9,1012.3,53.4,6.5,199.8,17.3,10,10,2025-08-02T06:05:30,2025-08-02T18:46:22,0.27,"Rain, Partially cloudy",Partly cloudy throughout the day with rain.,rain,"43272099999,VOBG,42705699999,VOBL,43302599999,43295099999"
karnataka,2025-08-03,28.9,21.9,24.4,30.6,21.9,25,21.1,82.6,15,100,4.17,rain,0,0,24.1,18.3,247.2,1012.8,71.3,6.7,220,18.9,9,10,2025-08-03T06:05:42,2025-08-03T18:46:01,0.3,"Rain, Partially cloudy",Partly cloudy throughout the day with afternoon rain.,rain,"43272099999,VOBG,42705699999,VOBL,43302599999,43295099999"
karnataka,2025-08-04,28.9,20.7,23.6,32.1,20.7,24.2,21.2,87,46,100,12.5,rain,0,0,19.1,14.8,292.2,1013.1,79.9,6.2,254,22.1,9,10,2025-08-04T06:05:53,2025-08-04T18:45:39,0.34,"Rain, Partially cloudy",Partly cloudy throughout the day with rain.,rain,"43272099999,VOBG,42705699999,VOBL,43302599999,43295099999"
karnataka,2025-08-05,28.1,21,23.6,30.6,21,24.1,21.1,86.1,1,100,4.17,rain,0,0,12.6,14.8,262.6,1012.5,67.8,5.9,241.6,20.9,10,10,2025-08-05T06:06:03,2025-08-05T18:45:16,0.37,"Rain, Partially cloudy",Partly cloudy throughout the day with afternoon rain.,rain,"43272099999,VOBG,42705699999,VOBL,43302599999,43295099999"
karnataka,2025-08-06,28,21,24,30.6,21,24.6,20.8,83.2,1,100,20.83,rain,0,0,21.6,14.9,269.7,1012.3,74.5,6.5,259.9,22.5,9,30,2025-08-06T06:06:14,2025-08-06T18:44:53,0.4,"Rain, Partially cloudy",Partly cloudy throughout the day with rain.,rain,"43272099999,VOBG,42705699999,VOBL,43302599999,43295099999"
karnataka,2025-08-07,28.9,21,24,31.2,21,24.5,21.2,85.2,24,100,8.33,rain,0,0,17.6,16.6,259.4,1012,78.5,6.3,223.2,19.2,7,30,2025-08-07T06:06:23,2025-08-07T18:44:28,0.43,"Rain, Partially cloudy",Partly cloudy throughout the day with early morning rain.,rain,"43272099999,VOBG,42705699999,VOBL,43302599999,43295099999"
karnataka,2025-08-08,28.1,21.9,24.3,30.9,21.9,24.8,21.5,84.5,5.2,100,25,rain,0,0,10.8,14.8,260.8,1013,82.4,6.3,232.2,20,9,10,2025-08-08T06:06:33,2025-08-08T18:44:03,0.47,"Rain, Partially cloudy",Partly cloudy throughout the day with rain.,rain,"VOBG,42705699999,VOBL,43302599999,43295099999"
karnataka,2025-08-09,27,20.9,23.4,29.1,20.9,23.7,20.7,85.3,11.5,100,66.67,rain,0,0,25.6,13,261.9,1014.7,80.2,5.9,179.8,15.5,8,10,2025-08-09T06:06:42,2025-08-09T18:43:37,0.5,"Rain, Partially cloudy",Partly cloudy throughout the day with a chance of rain throughout the day.,rain,"VOBG,42705699999,VOBL,43302599999,43295099999"
karnataka,2025-08-10,26,20.9,21.8,26,20.9,21.8,20.2,90.9,11.3,100,62.5,rain,0,0,27.4,18.3,265.6,1014.5,88,5.8,208,17.8,9,10,2025-08-10T06:06:51,2025-08-10T18:43:11,0.53,"Rain, Partially cloudy",Partly cloudy throughout the day with a chance of rain throughout the day.,rain,"VOBG,VOBL"
karnataka,2025-08-11,27.9,20,22.6,29.5,20,22.8,20,86.1,8.3,100,58.33,rain,0,0,30.2,22.3,263.4,1013.9,83.4,6,163.6,14,7,10,2025-08-11T06:06:59,2025-08-11T18:42:43,0.57,"Rain, Partially cloudy",Partly cloudy throughout the day with a chance of rain throughout the day.,rain,"VOBG,VOBL"
karnataka,2025-08-12,25.9,20,22.7,25.9,20,22.7,19.5,83,7,100,41.67,rain,0,0,36,22.3,271,1012.8,81.7,6.5,214.6,18.5,8,10,2025-08-12T06:07:07,2025-08-12T18:42:15,0.61,"Rain, Partially cloudy",Partly cloudy throughout the day with rain.,rain,"VOBG,VOBL"
karnataka,2025-08-13,23,20,20.9,23,20,20.9,19.6,92.7,5.2,100,25,rain,0,0,40.7,22.3,264.1,1011.5,87.9,5.8,141.3,12.3,6,10,2025-08-13T06:07:15,2025-08-13T18:41:46,0.64,"Rain, Partially cloudy",Partly cloudy throughout the day with rain.,rain,"VOBG,VOBL"
karnataka,2025-08-14,24.9,20,21.2,24.9,20,21.2,18.6,85.6,0.1,100,4.17,rain,0,0,47.9,27,254.7,1010.4,88.8,14.5,115.1,9.9,7,10,2025-08-14T06:07:22,2025-08-14T18:41:16,0.68,"Rain, Partially cloudy",Partly cloudy throughout the day with afternoon rain.,rain,"VOBG,VOBL"
